Name,Affiliation,h-index,i10-index,Citations,College/Company,Research Interest 1,Research Interest 2
Abhinav Prakash,"University of Minnesota, Twin Cities",22,32,2629,University of Minnesota,Twin Cities,Condensed Matter Physics
N. Arvind Dasari,University of Texas MD Anderson Cancer Center,42,107,11952,University of Texas MD Anderson Cancer Center,Cancer Biology,Translational Research
Balaji Narasimhan,Iowa State University; Rutgers University; MIT; Purdue University,62,171,12349,Iowa State University,Nanotechnology,Drug Delivery
Balaraman Ravindran,"Professor of Data Science and AI, Wadhwani School of Data Science and AI, IIT Madras",49,121,7305,Indian Institute of Technology Madras,Reinforcement Learning,Artificial Intelligence
Baskar Ganapathysubramanian,"NSF/USDA AI Institute, Iowa State University",52,158,11107,Iowa State University,Agricultural Engineering,Artificial Intelligence
Bhaskar Krishnamachari,"Professor of Electrical and Computer Engineering, and Computer Science, USC",87,310,35880,University of Southern California,Wireless Networks,Internet of Things
Rao R. Bhavani,"Director, AMMACHI Labs, Amrita Vishwa Vidyapeetham",18,44,1284,Amrita Vishwa Vidyapeetham,Human-Computer Interaction,Assistive Technologies
Biswarup Mukhopadhyay,"Professor of Biochemistry, Virginia Tech; Adjunct faculty, Virginia Tech Carilion School",31,56,3356,Virginia Tech,Biochemistry,Molecular Biology
Deepak John Mathew,Professor,6,3,116,Indian Institute of Technology Delhi,Human-Robot Interaction,Assistive Robotics
Deepak Rajan,The Voleon Group,22,41,2603,The Voleon Group,Quantitative Finance,Machine Learning
Dr. K DEVAKI DEVI,Associate professor of Mecanical Engineering,8,7,189,Jawaharlal Nehru Technological University Anantapur,Mechanical Engineering,Renewable Energy
Dhananjay Kumar,"Professor of Mechanical Engineering, COEP",56,315,16730,COEP (College of Engineering,Pune),Mechanical Engineering
Dr. RVG Ravi Kumar,Professor of Mathematics,26,91,5498,University of Hyderabad,Functional Analysis,Operator Theory
Ganesh Gopalakrishnan,"Professor of Computer Science, University of Utah",42,142,6470,University of Utah,Formal Methods,Parallel Computing
Gautam Biswas,Cornelius Vanderbilt Professor of Engineering; Professor of  Computer Science and Engineering,66,375,19679,Vanderbilt University,Artificial Intelligence,Learning Technologies
TR Gowrishankar,"Research Affiliate, MIT",28,42,3612,Research Affiliate MIT,Biomechanics,Medical Robotics
Indumathi Nambi,Indian Institute of Technology Madras,37,86,4542,Indian Institute of Technology Madras,Environmental Engineering,Sustainable Development
Jagadeesh Gopalan,"Professor of Aerospace Engineering, Indian Institute of Science",33,93,3639,Indian Institute of Science,Aerospace Engineering,Fluid Dynamics
Julius Paul Pradeep John,R&D,12,15,612,R&D,Materials Science,Nanotechnology
kamal bijlani,amrita vishwa vidyapeetham,19,32,915,Amrita Vishwa Vidyapeetham,Human-Computer Interaction,Educational Technology
Kandaswamy Subramanian,"Professor, Inter University Centre for Astronomy and Astrophysics",49,119,9744,Inter University Centre for Astronomy and Astrophysics,Cosmic Magnetism,Plasma Astrophysics
Kannan Moudgalya,"Professor, IIT Bombay",19,39,1444,IIT Bombay,Process Control,Optimization
"Kartik Subramanian, Ph.D.","Senior Principal Scientist, Bristol Myers Squibb",14,15,892,Bristol Myers Squibb,Drug Discovery,Oncology Research
Rajeshkumar L,"Alliance University, AU-STIC, CoE-AMS, Postdoc@KMUTNB, Thailand",34,82,3835,Alliance University,Advanced Materials Science,Sustainable Technologies
K. V. Lalitha  (a.k.a Lalitha Kodumudi Venkataraman),Technische Universität Darmstadt,22,41,1550,Technische Universität Darmstadt,Quantum Computing,Quantum Information Theory
Madhavan Swaminathan,Dept Head EE; William E. Leonhard Endowed Chair; Director CHIMES (an SRC JUMP 2.0 Center) Penn State,54,333,13581,Penn State University,Electrical Engineering,Advanced Packaging Technologies
Mangala Srinivas,"Wageningen University & Research, Cenya Imaging BV, Young Academy of Europe. Previous: Radboud",31,48,3885,Wageningen University & Research,Biomedical Imaging,Nanotechnology
Baskaran Mani,"Sankara Nethralaya, Chennai",62,182,15027,Sankara Nethralaya,Ophthalmology,Retinal Diseases
Meenakshisundaram Swaminathan,"professor of chemistry, Annamalai university,visiting faculty, Kalasalingam university",63,301,18679,Annamalai University,Chemistry,Material Science
Mohan Krishnamoorthy,RMIT University,38,72,10785,RMIT University,Operations Research,Supply Chain Management
Mousumi Saha,"Graduate Student, Aston Labs by Prof R Graham Cooks, Department of Chemistry, Purdue University",8,8,302,Purdue University,Mass Spectrometry,Analytical Chemistry
Mukesh Doble,"Distinguished Prof, Saveetha Dental college, Retd Prof IITM",71,264,20212,Saveetha Dental College,Biomaterials,Drug Delivery Systems
Muruhan Rathinam,UMBC,19,28,2934,UMBC,Systems Biology,Mathematical Modeling
Muthu Kumaran Gnanamani,University of Kentucky,32,63,3207,University of Kentucky,Cancer Biology,Drug Discovery
Dr. Nahar Singh,"Chief Scientist , CSIR-NPL, New Delhi-India",33,54,3969,CSIR-National Physical Laboratory,Metrology,Nanotechnology
Prashant R. Nair,"Professor, Department of Computer Science & Engg,  Amrita Vishwa Vidyapeetham, Coimbatore",9,9,401,Amrita Vishwa Vidyapeetham,Artificial Intelligence,Data Science
Saranya Nallapareddy,PhD student,5,3,434,University of California,Santa Barbara,Wireless Communication
Narayanan Rengaswamy,"Assistant Professor of Electrical and Computer Engineering, The University of Arizona",12,12,379,The University of Arizona,Quantum Computing,Error Correction Codes
Narayanan Srinivasan,Indian Institute of Technology Kanpur,46,100,6291,Indian Institute of Technology Kanpur,Cognitive Science,Visual Perception
Partha S.Bhattacharjee,Xavier University of Louisiana,22,38,1806,Xavier University of Louisiana,Environmental Chemistry,Analytical Chemistry
Monisha Pasupathi,University of Utah,56,96,16600,University of Utah,Narrative Identity,Social Interaction
Prabhu Rajagopal,"Professor, Department of Mechanical Engineering, IIT Madras, T.N., India",27,61,2596,Indian Institute of Technology Madras,Non-Destructive Testing,Structural Health Monitoring
Radhika Srinivasan,"PGIMER, Chandigarh",49,231,9094,PGIMER,Pathology,Molecular Diagnostics
Raghunathan Rengaswamy,"Professor of Chemical Engineering, IIT Madras",48,142,15805,Indian Institute of Technology Madras,Process Systems Engineering,Energy and Sustainability
Rajagopalan Srinivasan,Indian Institute of Technology Madras,52,143,7813,Indian Institute of Technology Madras,Process Systems Engineering,Process Safety
Dr. Krishan Kumar,"Department of Food Technology, Rajiv Gandhi University, Rono Hills, Doimukh, Arunachal Pradesh",21,30,1907,Rajiv Gandhi University,Food Technology,Nutritional Sciences
Karthik Rajendran,Associate Professor SRM University-AP,42,71,5997,SRM University-AP,Bioenergy,Environmental Biotechnology
Ramesh Hariharan,Mott MacDonald,1,1,10,Mott MacDonald,Water Resources Management,Environmental Engineering
"Ranjit Nair, MD",UT MD Anderson Cancer Center,23,49,2379,UT MD Anderson Cancer Center,Cancer Biology,Precision Medicine
Ravi Jain,Google,45,108,9455,Google,Quantum Computing,Distributed Systems
Vinu Ravikrishnan,"Professor, Chemical Engineering, Indian Institute of Technology Madras, India",50,123,7862,Indian Institute of Technology Madras,Chemical Engineering,Process Systems Engineering
Sampath Rajagopalan,University of Southern California,28,38,3332,University of Southern California,Operations Management,Supply Chain Management
Sandeep Neema,"Research Professor, Vanderbilt University",34,98,10414,Vanderbilt University,Model-Based Design,Cyber-Physical Systems
Sanghamitra Bandyopadhyay,"Professor of Computer Science, Indian Statistical Institute, Kolkata, India",64,221,21383,Indian Statistical Institute,Machine Learning,Pattern Recognition
Dr.Saravanan Subramanian,College Librarian,60,319,15994,College Librarian,Information Management,Digital Libraries
Saravanan vijayakumar,"Scientist NCDIR, ICMR",15,19,757,National Centre for Disease Informatics and Research (NCDIR),ICMR,Non-communicable Diseases
Satyajit Mayor,National Centre for Biological Sciences TIFR,73,127,25325,National Centre for Biological Sciences TIFR,Cell Biology,Membrane Dynamics
Senthilkumar Balakrishnan,Tamil Nadu State Council for Science  and Technology,37,69,26735,Tamil Nadu State Council for Science and Technology,Environmental Science,Renewable Energy
Shankar Subramaniam,University of California San Diego,93,280,59156,University of California San Diego,Bioinformatics,Systems Biology
Sharath Nittur Sridhar,"Research Scientist, Intel Corporation",6,5,932,Intel Corporation,Artificial Intelligence,Edge Computing
Muthusamy Sivakumar,"Professor of Practice, Biotechnology, Periyar Maniammai Institute of Science & Tech, Thanjavur",31,69,3903,Periyar Maniammai Institute of Science & Technology,Biotechnology,Genetic Engineering
Sobha Vijayan Nair,"Associate Professor, Amrita Viswa Vidhyapeetham",9,9,348,Amrita Viswa Vidhyapeetham,Bioinformatics,Computational Biology
sreekumar narayanan,"Botho University, Gaborone, Botswana",5,2,64,Botho University,Data Science,Artificial Intelligence
Srinivas Chakravarthy,"Senior Scientist, Cytiva",30,57,4084,Cytiva,Bioprocessing,Biomanufacturing
R Srinivasan,texas,99,396,60466,University of Texas at Arlington,Control Systems,Robotics
Sudarshan Srinivasan,Intel,15,16,1424,Intel,Computer Architecture,Hardware Security
Mark U SubbaRao,"NASA's Scientific Visualization Studio, Goddard Space Flight Center",53,68,61003,NASA's Scientific Visualization Studio,Goddard Space Flight Center,Data Visualization
Prof. Suresh Kumar Gupta,Distinguished Professor& HOD Department of Clinical Research DPSR UNIVERSITY,69,311,19802,DPSR University,Clinical Research,Pharmacology
Suresh Sethu,Assistant Professor in NPR College of Engineering and Technology,2,0,14,NPR College of Engineering and Technology,Signal Processing,Wireless Communication
swathi v iyer,"Research Scholar, Memorial Sloan Kettering Cancer Center",11,11,872,Memorial Sloan Kettering Cancer Center,Cancer Biology,Immunotherapy
Prof. Dr. Sayed Abdel Kader Ahmed,"Professor of Organic Chemistry, Vice Dean, Faculty of Science, Beni Suef University",56,302,18802,Beni Suef University,Organic Chemistry,Chemical Synthesis
T.G. Srinivasan,"Professor, HBNI",46,141,6856,Homi Bhabha National Institute,Nuclear Physics,Condensed Matter Physics
Assist. Prof/Dr.Tamilselvan Mohan,Graz University of Technology,30,66,2358,Graz University of Technology,Biomedical Engineering,Signal Processing
Uma Maheswari Krishnan,SASTRA DEEMED UNIVERSITY,60,192,12409,SASTRA Deemed University,Nanotechnology,Biomedical Engineering
K Unnikrishnan Nair,"Professor - Organizational Behaviour, IIM Kozhikode; Former ICCR Rotating Chair Professor, FSU Jena",5,5,330,IIM Kozhikode,Organizational Behaviour,Leadership
Vijay V Raghavan,"Alfred and Helen Lamson Endowed Professor in Computer Science, University of Louisiana at Lafayette",46,140,11551,University of Louisiana at Lafayette,Data Mining,Information Retrieval
"Vinod Kumar Gupta, FWIF,FNASc, FRSC","Professor Abdulazeez University; Jedeha, Saudi Arabia;Thomson Highly Cited Researcher",202,907,141080,Professor Abdulazeez University,Environmental Chemistry,Water Treatment
"Vinod Kumar Gupta, FWIF,FNASc, FRSC","Professor Abdulazeez University; Jedeha, Saudi Arabia;Thomson Highly Cited Researcher",202,907,141080,Professor Abdulazeez University,Environmental Chemistry,Water Treatment
Viswanathan (Vishy) Swaminathan,"Sr. Principal Scientist, Adobe Research",33,81,4066,Adobe Research,Human-Computer Interaction,Computational Social Science
Vivek Kumar Garg,Chandigarh University,35,93,4342,Chandigarh University,Artificial Intelligence,Data Science
Vivek Hari Sundar Gandhivel,"Donald Danforth Plant Science Center, USA",4,3,115,Donald Danforth Plant Science Center,Plant Genomics,Crop Improvement
Dr. Yuvaraj T,"Research Faculty, Centre for Smart Energy Systems, Chennai Institute of Technology, Chennai, India",24,36,2306,Chennai Institute of Technology,Smart Energy Systems,Renewable Energy Technologies
Bodh Raj Mehta,Indian Institute of Technology Delhi,46,189,9585,Indian Institute of Technology Delhi,Chemical Engineering,Process Systems Engineering
Devang Khakhar,Indian Institute of Technology Bombay,46,109,7888,Indian Institute of Technology Bombay,Chemical Engineering,Polymer Science and Engineering
Harpreet Singh,LIbrarian,60,388,19432,Librarian,Information Science,Knowledge Management
jhuma sen gupta,Researcher,4,3,81,Researcher,Environmental Law,Human Rights
Naveen Garg,"Computer Science and Engineering, IIT Delhi",34,54,7060,IIT Delhi,Algorithms,Data Structures
Prashant K Jain,"G. L. Clark Professor of Physical Chemistry, University of Illinois Urbana-Champaign",59,101,34710,University of Illinois Urbana-Champaign,Nanomaterials,Optical Spectroscopy
Pradipta Ghosh,"Professor of Medicine and Cellular and Molecular Medicine, University of California, San Diego",52,121,23594,University of California,medicle,cancer
Rangan Banerjee,IIT Bombay,45,105,7495,IIT Bombay,Energy Systems,Renewable Energy Technologies
Saikat Bhattacharya,UT Southwestern Medical Center,10,10,280,UT Southwestern Medical Center,Cancer Biology,Cell Signaling
Shalabh Bhatnagar,"Professor in the Department of Computer Science and Automation, Indian Institute of Science",37,102,7773,Indian Institute of Science,Reinforcement Learning,Stochastic Optimization
Shantanu Roy,University of Chicago,58,270,14261,University of Chicago,Chemical Engineering,Process Systems Engineering
Sudip Misra,"FACM, FIEEE, FAAIA, FNAE, FNASc, FIET, INAE Chair Professor, IIT Kharagpur",66,349,19274,Indian Institute of Technology Kharagpur,Internet of Things,Wireless Sensor Networks
Sujay Guha,Stanford University,8,8,345,Stanford University,Biomedical Engineering,Nanotechnology
Supriyo Bandyopadhyay,"Virginia Commonwealth University, University of Nebraska, University of Notre Dame, Purdue",53,177,10808,Virginia Commonwealth University,Spintronics,Quantum Computing
Tarun Kant,"Professor Emeritus, Department of Civil Engineering, Indian Institute of Technology Bombay",51,119,10071,Indian Institute of Technology Bombay,Structural Mechanics,Composite Materials
Utpal Bora,"Professor, Indian Institute of Technology Guwahati",42,83,8200,Indian Institute of Technology Guwahati,Environmental Biotechnology,Microbial Fuel Cells
"V Ramgopal Rao, Fellow of IEEE, TWAS, INSA, INAE, IASc, NASI",IIT Bombay/IIT Delhi,50,202,9021,IIT Delhi,Nanoelectronics,MEMS/NEMS
Vijay Kumar Jain,"Professor Orthopaedic surgery, Atal Bihari Vajpayee Institute of Medical Sciences & Dr. Ram Manohar",33,71,3836,Atal Bihari Vajpayee Institute of Medical Sciences,Orthopaedic Surgery,Trauma Surgery
"Vinod Kumar Gupta, FWIF,FNASc, FRSC","Professor Abdulazeez University; Jedeha, Saudi Arabia;Thomson Highly Cited Researcher",202,907,141080,Professor Abdulazeez University,Environmental Chemistry,Analytical Chemistry
Prasanna Mohan Viswanathan,"Professor, Curtin University Malaysia",41,117,5624,Curtin University Malaysia,Renewable Energy,Environmental Sustainability
Yogesh C. Joshi,"Scientist-F (Professor) ARIES, Nainital",35,56,4040,ARIES (Aryabhatta Research Institute of Observational Sciences),Astrophysics,Solar Physics
Advait Abhay Dixit,"University of California, Los Angeles",15,20,2635,University of California,Los Angeles,Systems Biology
Dr. Ajay Kumar Gupta,Ganpat University,14,17,13528,Ganpat University,Renewable Energy,Sustainable Development
Amol Deshmukh,"Professor, NIT Nagpur",23,55,1699,National Institute of Technology (NIT) Nagpur,Human-Computer Interaction,Assistive Technologies
Arnab K. Basu,"Charles H. Dyson School of Applied Economics and Management, Cornell university, Ithaca, NY 14850.",22,35,1861,Cornell University,Development Economics,Applied Microeconomics
"Ashish Ranjan Sharma, Ph.D.","Institute of Skeletal Ageing & Orthopedic Surgery, Hallym University, South Korea",47,113,9604,Hallym University,Skeletal Ageing,Orthopedic Surgery
Atul Dixit,Tulane University,18,35,924,Tulane University,Number Theory,Analytic Number Theory
Avijit Ghosh,Dayra,50,280,10733,Dayra,Artificial Intelligence,Data Science
Ayaskanta Sahu,New York University,25,31,2424,New York University,Materials Science,Nanotechnology
Aravindha Babu,Professor sree balaji dental college and hospital. Bharath university chennai.,19,30,1464,Bharath University,Dental Materials,Oral Pathology
Bhaskar Dasgupta,"Consultant Rheumatologist, Southend University",69,182,24069,Southend University,Rheumatology,Autoimmune Diseases
Debasis Mitra,"Professor of Electrical Engineering, Columbia University",68,224,18700,Columbia University,Network Algorithms,Resource Allocation
Dhiren Patel,"NIT Surat, India",29,61,5012,NIT Surat,Structural Engineering,Earthquake Engineering
Dipti Srinivasan,"IEEE Fellow;  Professor, National University of",90,308,27133,National University of Singapore,Power Systems,Renewable Energy Integration
Girish Dalvi,Indian Institute of Technology Bombay,7,5,158,Indian Institute of Technology Bombay,Human-Computer Interaction,Design Education
Guhan Jayaraman,"Professor of Biotechnology, IIT Madras Chennai",26,35,1618,Indian Institute of Technology Madras,Biotechnology,Protein Engineering
Himadri Pakrasi,Washington University in St. Louis,78,209,17865,Washington University in St. Louis,Photosynthesis,Cyanobacteria
Dr Indumathi T,Postdoctoral Researcher,14,17,404,Postdoctoral Researcher,Quantum Computing,Nanotechnology
Ishwar K. Puri,"Professor, Viterbi School of Engineering, University of Southern California",58,183,10119,University of Southern California,Energy Systems,Fluid Dynamics
Kaustav Chatterjee,"Assistant Professor, Indian Institute of Technology Roorkee",13,20,665,Indian Institute of Technology Roorkee,Fluid Mechanics,Heat Transfer
Manish K. Tiwari,University College London,39,89,6885,University College London,Microfluidics,Nanotechnology
Markus Kraft,"University of Cambridge, MIT",76,330,21879,University of Cambridge,Combustion Chemistry,Computational Modelling
Milind Tambe,"Professor & Director CRCS Center  @Harvard; Director ""AI for Social Good"" @Google Research",97,457,40277,Harvard University,Artificial Intelligence,Social Impact of AI
Mukesh Prasad,University of Technology Sydney,40,115,8347,University of Technology Sydney,Artificial Intelligence,Data Science
Narendra Dixit,"Department of Chemical Engineering, Indian Institute of Science",33,66,3514,Indian Institute of Science,Systems Biology,Synthetic Biology
Niladri S. Chatterji,"Postdoctoral Researcher, Department of Computer Science, Stanford University",24,28,10961,Stanford University,Artificial Intelligence,Data Science
Niranjan Damle,Assestant Professor,2,0,7,Indian Institute of Technology Bombay,Quantum Computing,Theoretical Physics
Dr. Nishant Saurabh,"Assistant Professor, Utrecht University, Netherlands.",11,13,413,Utrecht University,Climate Modeling,Atmospheric Chemistry
Dr. Pankaj Singh,"Department of Biotechnology, Dr. Rammanohar Lohia Avadh University, Ayodhya, UP, India",21,52,1989,Dr. Rammanohar Lohia Avadh University,Biotechnology,Microbial Genetics
Partha Bhattacharyya,"Associate Professor,Dept. of Electronics and Telecommunication Engineering,IIEST,Shibpur,India",35,79,4728,Indian Institute of Engineering Science and Technology (IIEST),Electronics and Telecommunication Engineering,Signal Processing
Parthasarathi Das  FRSC,Indian Institute of Technology (ISM) Dhanbad,29,66,2244,Indian Institute of Technology (ISM) Dhanbad,Organic Chemistry,Materials Chemistry
Pradip Kumar Chatterjee,"Former Chief Scientist, CSIR Central Mechanical Engineering Research Institute, India",44,138,8309,CSIR Central Mechanical Engineering Research Institute,Mechanical Engineering,Tribology
Prashant K Jain,"G. L. Clark Professor of Physical Chemistry, University of Illinois Urbana-Champaign",59,101,34710,University of Illinois Urbana-Champaign,Nanoscale Optics,Energy Conversion
Jaya Preethi Mohan,Univeristy of North Dakota,3,1,40,University of North Dakota,Biomedical Engineering,Nanotechnology
PRERNA TRIPATHI,research scholar,1,0,9,Research Scholar,Artificial Intelligence,Data Science
Rajat Mittal,Johns Hopkins University,76,222,26264,Johns Hopkins University,Computer Science,Data Privacy
rajiv kumar,assistant professor of mechanical engineering,96,568,49285,Indian Institute of Technology (IIT) Delhi,Thermal Engineering,Fluid Mechanics
Ramesh P. Singh,Chapman university,65,206,15829,Chapman University,Remote Sensing,Environmental Monitoring
Rishikesh Narayanan,"Professor, Molecular Biophysics Unit, Indian Institute of Science, Bangalore",28,49,2280,Indian Institute of Science,Neuroscience,Ion Channel Biophysics
Rohit Gupta,"Chief Information Officer, MedGenome",54,328,34769,MedGenome,Genomics,Bioinformatics
Rudra Pratap,"Vice-Chancellor, Plaksha University, Mohali, Punjab;  Professor at CeNSE, IISc, Bangalore",34,80,4395,Plaksha University,Microelectromechanical Systems (MEMS),Nanotechnology
Rupesh Jayaram Patil,The University of Queensland,13,14,394,The University of Queensland,Biomedical Engineering,Tissue Engineering
Sanjay Mahajan,principal-igmc-hp@gov.in,21,33,2108,Indira Gandhi Medical College (IGMC),Public Health,Epidemiology
Dr. Saravanan Muthupandian,"Professor - FAMS, UT, AMR and Nanomedicine",80,208,50701,University of Texas at Austin,Nanomedicine,Advanced Materials Research
Saritha Krishna,University of California San Francisco Medical Center,14,15,801,University of California San Francisco Medical Center,Cancer Biology,Immunotherapy
Dr Saurav Dixit,"Khalifa University, Abu Dhabi, UAE",39,96,4609,Khalifa University,Renewable Energy,Energy Storage Systems
Sayandev Mukherjee,Principal Architect,33,56,6067,Principal Architect,Wireless Communication,Signal Processing
Shahadat Uddin,The University of Sydney,39,105,7411,The University of Sydney,Network Science,Health Informatics
Shankar Subramaniam,University of California San Diego,93,280,59156,University of California San Diego,Bioinformatics,Systems Biology
Shriram Krishnamurthi,"Professor of Computer Science, Brown University",57,154,12194,Brown University,Programming Languages,Software Engineering
Subhasis Chaudhuri,Indian Institute of Technology Bombay,51,184,12502,Indian Institute of Technology Bombay,Image Processing,Computer Vision
Sudhir R. Jain,Bhabha Atomic Research Centre,75,166,19340,Bhabha Atomic Research Centre,Nuclear Physics,Materials Science
Sudipta Sarangi,Virginia Tech,25,61,2845,Virginia Tech,Development Economics,Social Networks
Sumantra Dutta Roy,"Department of Electrical Engineering, Indian Institute of Technology Delhi",22,46,1996,Indian Institute of Technology Delhi,Signal Processing,Image Processing
"Suresh Kannan Balasingam, PhD","Research Professor, Korea University (KU), Seoul",24,29,2423,Korea University (KU),Renewable Energy Systems,Power Electronics
Suresh Nair,Professor of Neurosurgery sree Chitra Tirunal Institute of Medical Sciences and Technology Trivandru,50,170,10788,Sree Chitra Tirunal Institute for Medical Sciences and Technology,Neurosurgery,Neurological Disorders
SURJYA KANTA GHOSH,Teacher,19,38,1752,Teacher,Education,Pedagogy
Tapanendu Kundu,"Professor of Physics, IIT Bombay",23,42,1743,Indian Institute of Technology Bombay,Condensed Matter Physics,Quantum Materials
Tharun Kumar Reddy Reddyvari,Student of electronic and communication engineering,107,181,56142,Based on the information provided,the specific university or company affiliation for Professor Tharun Kumar Reddy Reddyvari is not explicitly mentioned. If you can provide additional details or context,I’d be happy to assist further. Alternatively
Vasudeva Varma,"Professor, IIIT Hyderabad, India",43,162,8786,IIIT Hyderabad,Information Retrieval,Natural Language Processing
Sakthivel Venkatesh,"Research Scholar, Department of Botany, Saraswathi Narayanan College, Madurai, TamilNadu, India.",4,0,20,Saraswathi Narayanan College,Plant Physiology,Environmental Botany
Vivek Borkar,Indian Institute of Technology Bombay,55,191,17554,Indian Institute of Technology Bombay,Control Theory,Stochastic Systems
Vivek Farias,Massachusetts Institute of Technology,31,50,5302,Massachusetts Institute of Technology,Operations Research,Dynamic Optimization
Vivek Pathak,"Assistant Professor, Stevens Institute of Technology",5,3,195,Stevens Institute of Technology,Wireless Communications,Network Security
Vivek Subramanian,Ecole polytechnique Federale de Lausanne (EPFL),74,196,24792,Ecole polytechnique Federale de Lausanne (EPFL),Organic Electronics,Printed Electronics
Amitabha Mukherjee,"Vice President, WSP USA",1,0,5,WSP USA,Transportation Engineering,Infrastructure Development
Debasish Sarkar,NIT Rourkela,32,63,3066,NIT Rourkela,Renewable Energy,Power Systems
Deepak Pant,"Senior Scientist, Sustainable Chemistry, Flemish Institute for Technological Research, VITO, Belgium",89,201,24833,Flemish Institute for Technological Research (VITO),Sustainable Chemistry,Environmental Technology
Diptiman Sen,"Professor, Centre for High Energy Physics, Indian Institute of Science, Bengaluru, India",50,153,8705,Indian Institute of Science,High Energy Physics,Condensed Matter Physics
Indranil Sengupta,"Vice Chancellor, JIS University, Kolkata",34,44,4616,JIS University,Cryptography,Network Security
Mousumi Bora,PhD research scholar,8,8,627,Tezpur University,Environmental Science,Climate Change
Navakanta Bhat,Indian Institute of Science,34,132,5909,Indian Institute of Science,Nanoelectronics,Biosensors
Pawan K Hari,New York University,11,11,533,New York University,Artificial Intelligence,Data Science
siddhartha roy,CSIR-Indian Institute of Chemical Biology,21,30,1774,CSIR-Indian Institute of Chemical Biology,Chemical Biology,Drug Discovery
Somak Raychaudhury,"Vice-Chancellor, Ashoka University, Sonipat, Haryana, India",46,116,6806,Ashoka University,Astrophysics,Galaxy Evolution
Soumyo Mukherji,IIT Bombay,38,93,7352,IIT Bombay,Biosensors,Microfluidics
Dr. Balasubramanian Sriram,"Research Assistant Professor, National Taipei University of Technology, Taipei",30,52,2188,National Taipei University of Technology,Materials Science,Nanotechnology
Sudipta Sarkar,"Professor, Department of Civil Engineering, Indian Institute of Technology Roorkee, India",25,43,2997,Indian Institute of Technology Roorkee,Water Treatment,Environmental Engineering
Tanmay Basak,"Professor, Chemical Engineering, Indian Insttitute of Technology Madras",51,184,11434,Indian Institute of Technology Madras,Heat Transfer,Fluid Dynamics
Udayan Guha,"Senior VP, Clinical and Translational Development, NextCure Inc; Senior Clinical Advisory Staff, NCI",33,47,4240,NextCure Inc,Cancer Immunotherapy,Translational Medicine
Abhirup Sarkar,"Professor of Economics, Indian Statistical Institute",12,12,785,Indian Statistical Institute,Development Economics,Public Economics
Amit Chakraborty,Master in computer applications,55,253,13570,Indian Statistical Institute,Algorithms,Computational Complexity
Amitava Mukherjee,"Senior professor and Ex-Director, Centre for Nanobiotechnology, VIT University",78,351,24313,VIT University,Nanobiotechnology,Nanomedicine
Anindya Chatterjee,"Professor, Department of Mechanical Engineering, Indian Institute of Technology, Kanpur",34,82,7535,Indian Institute of Technology,Kanpur,Vibrations and Dynamics
Dr. Anirban Bhattacharya,"Associate Professor, Mechanical Engineering Department, Indian Institute of Technology Patna",30,60,3380,Indian Institute of Technology Patna,Fluid Mechanics,Heat Transfer
Arijit Karati,"Assistant Professor, National Sun Yat-sen University",14,21,1111,National Sun Yat-sen University,Cybersecurity,Cryptographic Protocols
Arindam Dey,Research Scientist @ Meta Reality Labs | Adjunct Research Fellow @ UQ,28,42,2979,Meta Reality Labs,Human-Computer Interaction,Augmented Reality
Ashok K. Mishra,"Kemper and Ethel Marley Foundation Chair, ASU Tempe, AZ",68,240,15920,Arizona State University,Agricultural Economics,Water Resource Management
Babita Sharma,"PhD Scholar at Singhania University, Rajasthan, India",35,125,6319,Singhania University,Biotechnology,Environmental Science
Basudev Majumder,"Faculty, Department of Avionics, IIST, Trivandrum",13,17,619,Indian Institute of Space Science and Technology (IIST),Avionics,Spacecraft Systems
Bharati Basu,"Professor of Economics, Central Michigan University",11,11,341,Central Michigan University,Environmental Economics,Health Economics
Prof. (Dr.) Biswanath Mondal,"Former Professor & Chief Scientist, AcSIR /Centre for Advanced Materials Processing, CSIR-CMERI",33,65,4082,CSIR-Central Mechanical Engineering Research Institute (CMERI),Advanced Materials Processing,Materials Science
Debashis Mandal,"Principal Scientist & ICAR-National Fellow, ICAR-IISWC",31,99,3776,ICAR-IISWC,Soil and Water Conservation,Sustainable Agriculture
Debatosh Guha,"Institute of Radio Physics & Electronics, Calcutta University",40,79,5082,University of Calcutta,Antenna Design,Microwave Engineering
Dipak Kumar Jana,"Principal at Gangarampur College, Former HOD at SAS&H, Professor, Haldia Institute of Technology",29,65,2346,Haldia Institute of Technology,Environmental Science,Sustainable Development
Dipankar Sarkar,National Geophysical Research Institute,27,49,2472,National Geophysical Research Institute,Geophysics,Seismology
Dr Ganesh Chandra  Nayak,Associate Professor,37,82,3594,Sambalpur University,Materials Science,Nanotechnology
Gourab Banerjee,Yale University,12,12,1184,Yale University,Electrical Engineering,Photonics
Indrajit Chakrabarti,"Professor, Dept. of Electronics and Electrical Communication Engineering, IIT Kharagpur",21,52,1459,Indian Institute of Technology Kharagpur,Signal Processing,Image Processing
Md Jahangir Alam,"Researcher, CRIM",67,437,23188,CRIM,Natural Language Processing,Artificial Intelligence
Jayanta Bhattacharya,Indian Institute of Technology Kharagpur,42,119,8920,Indian Institute of Technology Kharagpur,Signal Processing,Communications
Joydeep Banerjee,"Assistant Professor, Department of Agricultural and Food Engineering, Indian Institute of Technology",17,22,1117,Indian Institute of Technology,Agricultural Engineering,Food Processing Technology
Kaushik Kumar Bharadwaj,Research Scholar,12,14,717,Research Scholar,Artificial Intelligence,Data Science
Kalyan Kumar Chattopadhyay,"Professor, Jadavpur University",65,340,16124,Jadavpur University,Materials Science,Nanotechnology
Prasanta Kumar Das,"Associate Professor, Department of Physics, BITS Pilani, K.K.Birla Goa Campus",92,452,30286,BITS Pilani,Condensed Matter Physics,Quantum Mechanics
"Dr. Narendra Nath Ghosh, FRSC","Professor, Dept of Chemistry, BITS Pilani, KK Birla Goa Campus",39,103,6988,BITS Pilani,Materials Chemistry,Nanotechnology
rakesh pandey,"Professor in Physics, K M College, Delhi University",4,2,70,Delhi University,Condensed Matter Physics,Quantum Mechanics
Dr. K. N. Das,"Professor of Soil Science, Assam agricultural University",11,14,394,Assam Agricultural University,Soil Science,Agricultural Research
K N Rai,"Institute Professor, IIT BHU Varanasi India",29,69,2626,IIT BHU Varanasi,Thermal Engineering,Heat Transfer
Prof. Kalyan Kumar Das,Jadavpur University,31,125,5821,Jadavpur University,Condensed Matter Physics,Materials Science
Kalyanmoy Deb,"University Distinguished Professor, Electrical and Computer Engineering, Michigan State University",145,647,216104,Michigan State University,Evolutionary Computation,Multi-objective Optimization
Karabi Biswas,"Professor, Indian Institute of Technology Kharagpur",29,56,3149,Indian Institute of Technology Kharagpur,Power Electronics,Renewable Energy Systems
Kaustubha Mohanty,"Professor and Head of Chemical Engineering, IIT Guwahati",59,172,11249,Indian Institute of Technology Guwahati,Chemical Engineering,Process Systems Engineering
Krishan Kumar,Student at Carleton University,109,1023,67818,Carleton University,Artificial Intelligence,Data Science
Kuldeep Kumar Sharma,ICAR-IIMR,47,269,10032,ICAR-IIMR,Maize Breeding,Abiotic Stress Tolerance
Kunal Pal,National Institute of Technology Rourkela,56,193,11305,National Institute of Technology Rourkela,Biomedical Engineering,Signal Processing
Lalit Mohan Patnaik,"Adjunct Professor and NASI(National Academy of Sciences India)Senior Scientist, NIAS,Bangalore,India",42,204,16771,National Institute of Advanced Studies (NIAS),Evolutionary Computation,Neural Networks
M.K. Walz,Professor der Medizin,65,165,16968,Universität Witten/Herdecke,Endocrine Surgery,Minimally Invasive Surgery
Mrinal K. Ghose,"Professor of Environmental Science & Engineering, Indian School of Mines, Dhanbad",43,124,6586,Indian School of Mines,Dhanbad,Environmental Science
Manoj Kumar Tiwari,"Director, Indian Institute of Management Mumbai,India &Prof.of ISE,IIT KGP",89,336,35395,Indian Institute of Management Mumbai,Supply Chain Management,Operations Research
Rajeshwar Malavath,Professor Jayashankar Telangana State Agricultural University,10,10,280,Professor Jayashankar Telangana State Agricultural University,Agricultural Biotechnology,Plant Genetics
Madhumita Chakraborty,iim lucknow,16,18,766,Indian Institute of Management Lucknow,Operations Management,Supply Chain Management
Manas Chatterjee,"Professor and Head, Department of Dermatology, Command Hospital (Eastern Command), Kolkata 700027",22,38,1682,Command Hospital (Eastern Command),Dermatology,Skin Disorders
Mrinal K. Ghose,"Professor of Environmental Science & Engineering, Indian School of Mines, Dhanbad",43,124,6586,Indian School of Mines,Environmental Science,Environmental Engineering
Mrinal Kanti Naskar,"Professor, Jadavpur University",20,67,1987,Jadavpur University,Wireless Communication,Signal Processing
Narottam K Das,"Senior Lecturer, Central Queensland University, Melbourne Campus, Australia",27,85,2741,Central Queensland University,Information Systems,Cybersecurity
Nand K Roy,"Postdoctoral Fellow, Centre for Cancer Immunotherapy, La Jolla Institute for Immunology",23,30,3190,La Jolla Institute for Immunology,Cancer Immunotherapy,T Cell Biology
Narendra Nath Dutta,"Assistant Professor, VIT-AP University, India",12,12,271,VIT-AP University,Machine Learning,Data Science
NILOTPAL MRINAL,"Student Of B.tech Final Year At BCET,Durgapur",2,0,10,BCET Durgapur,Artificial Intelligence,Data Science
Partha Sarkar,Adj. Prof. of University of Alberta,39,86,8479,University of Alberta,Wind Engineering,Structural Dynamics
Pijush Ghosh,"Professor, Department of Applied Mechanics & Biomedical Engg, Indian Institute of Technology Madras",20,33,1476,Indian Institute of Technology Madras,Biomechanics,Biomedical Engineering
Dr PK Banerjee,"Outstanding Scientist & Outstanding Professor (AcSIR), CSIR-CIMFR Dhanbad and Ex-CTO, HINDALCO",25,50,2035,CSIR-CIMFR Dhanbad,Mineral Processing,Environmental Sustainability
"Prantik Kundu, PhD","Ceretype Neuromedicine Inc., Mount Sinai School of Medicine, Brigham and Women's Hospital, HMS",42,55,6426,Ceretype Neuromedicine Inc.,Neuroscience,Neuroimaging
Amit Singal,University of Texas Southwestern Medical Center,94,338,36414,University of Texas Southwestern Medical Center,Hepatology,Liver Cancer
AMITABH GUPTA,"Associate Professor, Dept. of Financial Studies,University of Delhi",50,206,11581,University of Delhi,Financial Management,Corporate Governance
Dr. Arvind Tiwari,"BAG Energy Research Society, India",27,38,4791,BAG Energy Research Society,Renewable Energy,Energy Storage Systems
Ashutosh Sharma,"Chemical Engineering, IITK, IIT Kanpur, Indian Institute of Technology Kanpur",89,404,26549,Indian Institute of Technology Kanpur,Polymer Science,Nanomaterials
Ashutosh Tiwari,"Civil Engg. ,Kamla Nehru Institute of Technology",80,427,30736,Kamla Nehru Institute of Technology,Structural Engineering,Geotechnical Engineering
Atul Kumar,"Assistant Professor, Baba Mastnath University",75,527,25139,Baba Mastnath University,Data Science,Artificial Intelligence
"Vinod Kumar Gupta, FWIF,FNASc, FRSC","Professor Abdulazeez University; Jedeha, Saudi Arabia;Thomson Highly Cited Researcher",202,907,141080,Professor Abdulazeez University,Environmental Chemistry,Analytical Chemistry
Vipin Kumar,"Assistant Professor of Computer Science Engineering , Women Institute of Technology Dehradun",69,576,43697,Women Institute of Technology Dehradun,Artificial Intelligence,Data Science
Dhruba Kr Bhattacharyya,"Professor of Computer Science and Engg, Tezpur University",46,131,10275,Tezpur University,Data Mining,Network Security
Dheerendra Kumar Dwivedi,"IIT ROORKEE, INDIA, PIN: 247667",48,125,6558,IIT Roorkee,Fluid Mechanics,Heat Transfer
D P Kothari,"Vice chancellor, VIT Vellore, Director I/c, IIT Delhi, Deputy Director(A),IIT Delhi,Principal,VRCE",65,238,22843,VIT Vellore,Power Systems,Renewable Energy
Dr. Pardeep Singh,Ambala College of Engineering & Applied Research Associate Professor of Mathmatics,102,597,42879,Ambala College of Engineering & Applied Research,Applied Mathematics,Numerical Analysis
Dr. VINAY  SINGH,Associate Professor Computer Science,64,395,19070,Banaras Hindu University,Artificial Intelligence,Data Mining
Devendra Choudhary,"Prof. (Associate), Govt. Engineering College, Ajmer",11,11,1183,Govt. Engineering College Ajmer,Power Systems,Renewable Energy
Peter C. Gotzsche,Institute for Scientific Freedom,111,328,413024,Institute for Scientific Freedom,Pharmaceutical Industry Ethics,Clinical Trial Transparency
Dharmendra  Mishra,Purdue University,17,27,1388,Purdue University,Cybersecurity,Data Privacy
Rajeev Agrawal,"Kumaon engineering college, G. L. Bajaj, LLoyd Institute of Engg& tech",17,35,1269,Kumaon Engineering College,Wireless Sensor Networks,Internet of Things
Girish  M. Joshi,Institute of Chemical Technology Mumbai off campus Marathwada Region-Jalna,29,69,2945,Institute of Chemical Technology Mumbai,Polymer Science,Nanomaterials
Lipsa Das,Assistant Professor,11,11,319,Indian Institute of Technology Delhi,Wireless Communication,Signal Processing
Giriraj Ratan Chandak,Former Chief Scientist and Sir JC Bose Fellow,52,115,14396,CSIR-Centre for Cellular and Molecular Biology,Genetics,Genomics
Prof. GRK SASTRY,"Professor,Department of Mechanical Engineering,National Institute of Technology Andhra Pradesh",22,112,3308,National Institute of Technology Andhra Pradesh,Mechanical Engineering,Renewable Energy
G S Gupta,Indian Institute of Science,23,41,1588,Indian Institute of Science,Fluid Mechanics,Heat Transfer
Girja Shankar Pandey,University of Zambia,20,33,1238,University of Zambia,Environmental Chemistry,Water Quality Management
H C Verma,IIT Kanpur,36,108,4884,IIT Kanpur,Theoretical Physics,Condensed Matter Physics
H C Verma,IIT Kanpur,36,108,4884,IIT Kanpur,Theoretical Physics,Astrophysics
Himanshu Narayan Singh,Memorial Sloan Kettering Cancer Center,15,20,817,Memorial Sloan Kettering Cancer Center,Cancer Biology,Precision Medicine
HARI OM GUPTA,RETIRED from DIRECTOR JIIT NOIDA and IIT ROORKEE,35,97,5758,JIIT Noida,Signal Processing,Communication Systems
Dr. Ruchika Garg,"Assistant Professor, Maharaja Agrasen University, Baddi, Solan, H.P.",3,1,29,Maharaja Agrasen University,Biotechnology,Environmental Science
Harbhajan Singh,Data Scientist,1,0,7,Data Scientist,Artificial Intelligence,Data Analytics
HARI OM GUPTA,RETIRED from DIRECTOR JIIT NOIDA and IIT ROORKEE,35,97,5758,RETIRED,Power Systems,Renewable Energy
Dr. Harsh Kumar Goyal,Administrative Officer Ministry Of Education,70,470,26336,Ministry Of Education,Educational Policy,Administrative Efficiency
Inderpreet Singh Ahuja,Professor in Mechanical Engineering,43,128,8841,Indian Institute of Technology Ropar,Sustainable Manufacturing,Additive Manufacturing
Dr.Inderjit Singh-PBG,"PAU, Ludhiana",22,52,1924,Punjab Agricultural University (PAU),Plant Breeding,Genetics
Kaushal Shetty,JP Morgan Chase,1,1,13,JP Morgan Chase,Financial Technology,Risk Management
Shyam Pandey,Professor,43,179,8240,Please provide more context or information about Professor Shyam Pandey to accurately identify their affiliation and research interests. Without specific details,I cannot provide the requested information. If you have a source or profile link,sharing that would help.
Jay S. Yadav,"Founder and CEO, MiRus , LLC",56,143,21961,MiRus,LLC,Medical Devices
Jagdish Narain Sharma,"Professor Pediatrics, Department of Pediatrics, MAHATMA GANDHI MEDICAL COLLEGE & HOSPITAL JAIPUR",9,9,330,Mahatma Gandhi Medical College & Hospital Jaipur,Pediatrics,Child Health
JAY SHANKAR KUMAR,Research scholar,90,778,37615,Research Scholar,Artificial Intelligence,Data Science
Nathan H. Lents,Professor of Biology at John Jay College (CUNY),19,29,3076,John Jay College (CUNY),Evolutionary Biology,Human Behavior
Jitendra Kumar,Engineer at Coforge,83,778,35780,Coforge,Software Engineering,Artificial Intelligence
Joseph A Maxwell,George Mason University,53,80,85653,George Mason University,Qualitative Research,Mixed Methods Research
"Kapil Chandra Agarwal, Dr.","Former Professor at Dr. A. P. J. Abdul Kalam Technical University, Lucknow",7,5,250,Dr. A. P. J. Abdul Kalam Technical University,Power Systems,Renewable Energy
K.C Jain,"Professor in Dept.of mathematics, Malaviya national Institute of technology, Jaipur",11,14,476,Malaviya National Institute of Technology,Mathematics,Applied Mathematics
Siddharth Paliwal,BITS Pilani K.K. Birla Goa Campus,2,0,6,BITS Pilani,Operations Research,Supply Chain Management
Dr.K.K.Tripathi,"Associate Professor at the Institute of Technology, Nirma University, Ahmedabad, India",10,10,603,Nirma University,Renewable Energy Systems,Power Electronics
K L Narsimhan,visiting Professor EE IIT Bombay,34,106,4464,Indian Institute of Technology Bombay,Signal Processing,Communication Systems
Krishna Mohan Agarwal,"DNC Meerut, KNIT Sultanpur, IIT Delhi, AUUP Noida, KU Kurukshetra, IMI New Delhi",13,16,607,IIT Delhi,Fluid Mechanics,Heat Transfer
"Kunwar P. Singh, Ph.D., FAEB, FIC","Ex-Chief Scientist, CSIR-Indian Institute of Toxicology Research",71,385,29632,CSIR-Indian Institute of Toxicology Research,Toxicology,Environmental Health
Munish Chauhan,"Hoglund Biomedical Imaging Center, University of Kansas Medical Center",11,15,429,University of Kansas Medical Center,Biomedical Imaging,Neuroimaging
Jagadeesh K S,"Professor of Microbiology, University of Agricultural sciences Dharwad",16,24,1063,University of Agricultural Sciences Dharwad,Microbiology,Agricultural Sciences
"K S. Rao,K.S. Jagannatha Rao, Rao KS, Jagannatha Rao Kosagisharaf, Rao KS Jagannatha, Jagannatha Rao","kL deemed to be university, india, earlier indicasat aip, Panama,  CFTRI, India",52,122,8944,KL Deemed to be University,Food Science,Biotechnology
Reddy K S,"Professor, Department of Mechanical Engineering, IIT Madras",56,166,11185,Indian Institute of Technology Madras,Fluid Mechanics,Heat Transfer
Lalit Mohan Patnaik,"Adjunct Professor and NASI(National Academy of Sciences India)Senior Scientist, NIAS,Bangalore,India",42,204,16771,NIAS (National Institute of Advanced Studies),Evolutionary Algorithms,Artificial Intelligence
Dr. LN Sharma,Indian Institute of Technology Guwahati,22,45,1924,Indian Institute of Technology Guwahati,Signal Processing,Biomedical Engineering
Michel Foucault,"Philosophy, Collège de France",309,1511,1403631,Collège de France,Power and Knowledge,History of Sexuality
Mahendra Chandra Joshi,National Institute of Technology Rourkela,6,5,141,National Institute of Technology Rourkela,Structural Engineering,Material Science
VARSHA TIWARI,IIT (ISM) DHANBAD,0,0,0,IIT (ISM) Dhanbad,Environmental Engineering,Water Resource Management
Manoj K Agarwal,"Professor of Marketing, Director MS Data Analytics Program, Binghamton University, State University",17,20,3284,Binghamton University,Data Analytics,Marketing Strategy
Mandeep Kumar Singh,"Amity University Gwalior and Doctor Harisingh Gour University, CSIR-SRF",4,2,121,Amity University Gwalior,Computer Science,Data Science
Manoj Kumar Gupta,"Joslin Diabetes Center, Harvard Medical School",68,412,23000,Joslin Diabetes Center,Diabetes Research,Metabolic Disorders
Dr. M.K. Jha,Purdue University,193,782,207269,Purdue University,Transportation Engineering,Infrastructure Systems
Meetu Kaushik Tiwari,Associate Research Scientist,10,10,670,University of California,San Diego,Neuroscience
Manoj Kumar Mishra,University of Calgary,30,41,3512,University of Calgary,International Relations,Security Studies
Manoj Kumar Mohanty,"AIIMS, Bhubaneswar",21,32,1694,AIIMS Bhubaneswar,Neuroscience,Neuropharmacology
Manish K. Pandey,"Principal Scientist- Genomics, Prebreeding & Bioinformatics, ICRISAT, India",63,172,12982,ICRISAT,Genomics,Bioinformatics
Manish Kumar Singh,student,66,448,21999,Indian Institute of Technology (BHU) Varanasi,Materials Science,Nanotechnology
M L Kansal,"Professor (HAG) and Ex-NEEPCO Chair & Head, WRD&M, IIT Roorkee",23,50,2877,Indian Institute of Technology Roorkee,Water Resources Development & Management,Hydropower Engineering
Murari Lal Mittal,Malaviya National Institute of Technology Jaipur,23,31,2770,Malaviya National Institute of Technology Jaipur,Structural Engineering,Concrete Technology
Dr. M. L. Munjal,"Department of Mechanical Engineering, Indian Institute of Science",39,109,8077,Indian Institute of Science,Acoustics,Noise Control
Dr.M.L. Sharma,Professor,21,45,3870,University of Delhi,Environmental Chemistry,Analytical Chemistry
Chaturvedi m.m.,"Former Senior Professor of Molecular Biology, Dept. of Zoology, university of Delhi, India",37,55,13576,University of Delhi,Molecular Biology,Zoology
Madan M. Gupta,University of Saskatchewan,79,378,47944,University of Saskatchewan,Fuzzy Systems,Neural Networks
Rajesh Pandey,"Professor and Head, Department of Biochemistry, MM Institute of Medical Sciences and Research",29,37,4830,MM Institute of Medical Sciences and Research,Biochemistry,Medical Research
Bhaskar Das,University of Minnesota,19,34,1721,University of Minnesota,Marketing,Consumer Behavior
Munishwar Nath Gupta,"Dept of Biochem. Engg & Biotechnology,IIT Delhi",63,272,16811,Indian Institute of Technology Delhi,Biochemical Engineering,Biotechnology
Jani Scandura,University of Minnesota,5,3,202,University of Minnesota,Modernist Literature,Cultural Studies
M.N.Jha,Rajendra agricultural university pusa,12,13,462,Rajendra Agricultural University Pusa,Agricultural Sciences,Crop Improvement
Ajay J Joshi,"University of Minnesota, Twin Cities",11,12,1686,University of Minnesota,Twin Cities,Computer Architecture
"Md Nuruzzaman Khan, PhD","Melbourne School of Population and Global Health, The University of Melbourne, Australia",53,112,28921,The University of Melbourne,Public Health,Global Health
Anant Mishra,"Andrew Van de Ven Professorship in Supply Chain and Operations, University of Minnesota",17,23,1511,University of Minnesota,Supply Chain Management,Operations Management
Mohan N. Rathi,"The M S University of Baroda, Vadodara",11,11,484,The M S University of Baroda,Organic Chemistry,Polymer Chemistry
"Akhilesh Pandey, M.D., Ph.D.","Professor, Laboratory Medicine and Pathology, Mayo Clinic, Rochester, Minnesota",134,773,92009,Mayo Clinic,Proteomics,Cancer Biology
Akshay Rao,"Professor of Marketing, Carlson School of Management, University of Minnesota",31,37,17122,University of Minnesota,Consumer Behavior,Pricing Strategies
Ananda Shastri,"Professor of Physics and Astronomy, Minnesota State University Moorhead",22,28,2924,Minnesota State University Moorhead,Astrophysics,Cosmology
Mayur Sharma,"Assistant Professor, Neurosurgery, University of Minnesota",36,98,4005,University of Minnesota,Neurosurgery,Brain Tumor Research
Gatikrushna Singh,University Minnesota,40,165,7809,University of Minnesota,Neuroscience,Cognitive Psychology
Jaideep Srivastava,"Professor, University of Minnesota",66,288,32489,University of Minnesota,Data Mining,Social Media Analysis
Ms Nagja Tripathi,"Institute of Pharmacy, Nirma University",4,3,134,Nirma University,Pharmaceutical Sciences,Drug Delivery Systems
Pragya Verma,University of Minnesota,22,33,3158,University of Minnesota,Computational Chemistry,Materials Science
Dr. DEEPA GARG,JNKVV RARS Sagar M.P.,5,4,241,JNKVV RARS Sagar M.P.,Agricultural Sciences,Crop Improvement
Mahesh P. Gupta,"Associate Professor and Director of Cardiothoracic Center Research Program, University of Chicago",71,295,23984,University of Chicago,Cardiothoracic Surgery,Cardiovascular Research
M P Kaushik,"PTDD, DRDE Gwalior",36,113,4361,Defence Research and Development Organisation (DRDO),Chemical Defence,Toxicology
Durgesh Kumar Mishra,"Professor of Computer Engineering and Director Microsoft Innovation Center, Sri Aurobindo Institute of Technilogy, Indore, MP, I",32,96,6489,Sri Aurobindo Institute of Technology,Computer Engineering,Microsoft Innovation Center
Dr.Akhilesh Pandey (Prof. on lien),"Chairman, M.P. Private University Regulatory commission",66,384,22713,M.P. Private University Regulatory Commission,Regulatory Policies,Higher Education Management
Dr D. S. Rathore,"Head, Dept. of Biotechnology, Govt. K.R.G.P.G. (Autonomous) College, Gwalior (M.P.) India",7,4,211,Govt. K.R.G.P.G. (Autonomous) College,Gwalior,Biotechnology
Mahendra Pal Sharma,"Professor ,Department of Hydro and Renewable Energy, IIT Roorkee, Uttarakhand, India",57,171,16107,Indian Institute of Technology Roorkee,Renewable Energy Systems,Hydropower Optimization
Munindar P Singh,"Professor of Computer Science, North Carolina State University",83,366,32610,North Carolina State University,Multiagent Systems,Service-Oriented Computing
Megh Raj Dhital,"Professor of Geology, Tri-Chandra Multiple Campus,Tribhuvan University",28,44,4781,Tribhuvan University,Geology,Environmental Geology
Mr. Rahul Gupta,"Assistant professor (Finance) Bharati vidyapeeth (Deemed to be university),  pune",37,130,17639,Bharati Vidyapeeth (Deemed to be University),Finance,Investment Analysis
Dr. Amit Jain,"Director, Global Institute of Technology & Management",86,636,57700,Global Institute of Technology & Management,Renewable Energy Systems,Sustainable Development
Manas Ranjan Mishra,"Sr Asst Professor in Mathematics, OP Jindal University",5,4,132,OP Jindal University,Mathematics,Applied Mathematics
Mr.Shrinivas chinchanikar,"Student,Nagpur institute of technology,Engineer,Real istate, Programmer,stock market",13,15,755,Nagpur Institute of Technology,Real Estate,Stock Market
Mallikarjuna Rao Pichika,Dean of Research and Professor,31,64,7160,KLE Technological University,Pharmaceutical Chemistry,Drug Discovery
Mary Reena K E,Lal Bahadur Shastri College of Engineering,3,2,68,Lal Bahadur Shastri College of Engineering,Engineering Education,Sustainable Development
Mahi R. Singh,The University of Western Ontario,41,181,7325,The University of Western Ontario,Quantum Optics,Condensed Matter Physics
Mr Ashutosh  Srivastava,"CMR Institute of Technology, Bengaluru India",10,10,256,CMR Institute of Technology,Artificial Intelligence,Data Science
Mr. Shivanshu Tripathi,Researcher,24,72,1954,Researcher,Artificial Intelligence,Data Science
Manoj Raama Varma,"Emeritus Scientist and Ex Chief Scientist, CSIR-NIIST, TVM,Professor of Physics (Magnetic Materials)",31,71,2725,CSIR-NIIST,Magnetic Materials,Physics
Dr Gaurav Agarwal MS DNB PDC FACS FISS,"Professor & Head, Endocrine & Breast Surgery, Sanjay Gandhi Postgraduate Institute of Medical",48,130,9568,Sanjay Gandhi Postgraduate Institute of Medical Sciences,Endocrine Surgery,Breast Surgery
Varad Bhatnagar,Microsoft,3,3,42,Microsoft,Artificial Intelligence,Cloud Computing
Vishrav Chaudhary,Microsoft AI,29,42,15122,Microsoft AI,Natural Language Processing,Machine Translation
Prof. M. S. Gaur,"Professor  of Physics, Hindustan College of Science and Technology, Farah ( Mathura) U P India",26,64,2448,Hindustan College of Science and Technology,Physics,Material Science
Anuradha Gupta,"Assistant Professor, The University of Mississippi",93,167,100356,The University of Mississippi,Bioorganic Chemistry,Chemical Biology
Navendu Jain,Microsoft Research,50,126,14056,Microsoft Research,Distributed Systems,Cloud Computing
Neel Joshi,"Senior Principal Research Manager, Microsoft Research",46,79,9398,Microsoft Research,Computational Imaging,Computational Photography
Kaushik Chakrabarti,Microsoft,56,111,12746,Microsoft,Data Management,Information Retrieval
ikhlas khan,"NCNPR, School of Pharmacy, Univeristy of Mississippi",95,843,49560,University of Mississippi,Natural Products,Pharmacognosy
Durgesh Kumar Mishra,"Professor of Computer Engineering and Director Microsoft Innovation Center, Sri Aurobindo Institute of Technilogy, Indore, MP, I",32,96,6489,Sri Aurobindo Institute of Technology,Computer Engineering,Microsoft Innovation Center
Amitava Chattopadhyay,INSEAD--The GlaxoSmithKline Chaired Professor of Corporate Innovation Innovation,40,59,9862,INSEAD,Corporate Innovation,Consumer Behavior
Dr. Debasish Das,"Saha Institute of Nuclear Physics, 1/AF Bidhannagar, Kolkata-700064 INDIA",152,327,85123,Saha Institute of Nuclear Physics,Particle Physics,Condensed Matter Physics
Himanshu Garg,Texas Tech University Health Sciences Center. El Paso,27,41,1950,Texas Tech University Health Sciences Center,Endocrinology,Diabetes Research
Joydeep Dutta,"Professor, Functional Materials, KTH Royal Institute of Technology, Department of Applied Physics",72,242,21559,KTH Royal Institute of Technology,Functional Materials,Applied Physics
Dr. Satyajit Gupta,Associate Professor,24,37,3725,Indian Institute of Technology Delhi,Solid State Chemistry,Energy Materials
"Satya N Das, Satya Narayan Das, Satya Das","Professor, Department of Biotechnology, All India institute of Medical sciences, Banaras Hindu",57,235,34384,All India Institute of Medical Sciences,Biotechnology,Medical Research
"Badrinath Roysam, FIEEE, FAIMBE","ECE Department, University of Houston",61,142,18228,University of Houston,Biomedical Image Analysis,Neuroinformatics
Dr. Brijesh Kumar Dubey,ITM GIDA Gorakhpur,4,2,40,ITM GIDA Gorakhpur,Environmental Engineering,Waste Management
Gang Li,Sir Sze-Yuen Chung Endowed Prof./ Chair Prof. / Hong Kong Polytechnic Univ.,98,258,84742,Hong Kong Polytechnic University,Building Energy Efficiency,Smart and Sustainable Cities
Debayan Chakraborty,"Reader F, The Institute of Mathematical Sciences, Chennai",17,20,1047,The Institute of Mathematical Sciences,Theoretical Physics,Condensed Matter Physics
Frédéric Grosshans,"LIP6, Sorbonne Université, CNRS",26,36,8178,Sorbonne Université,Quantum Computing,Quantum Cryptography
P.Jitendra Srinivas Kumar,"Associate Professor, Akkineni Nageswara Rao College",40,213,9453,Akkineni Nageswara Rao College,Data Mining,Artificial Intelligence
Dr.M.Jeevanandam,Assistant Professor,5,5,668,Assistant Professor,Data Analytics,Artificial Intelligence
Kamlesh saini,Department of Chemistry University of Rajasthan Jaipur,2,2,43,University of Rajasthan,Organic Chemistry,Synthetic Chemistry
Dr. Krishan Kumar Saluja,"Professor, Information Technology, UIET, Panjab University, Chandigarh",38,101,5065,Panjab University,Information Technology,Data Mining
Mukesh Ranjan,"FCIPT, Institute for Plasma Research",28,63,2266,Institute for Plasma Research,Plasma Physics,Fusion Technology
nizamuddin khan,"Professor of Geography, A.M.U., Aligarh, India",10,11,365,Aligarh Muslim University (A.M.U.),Urban Geography,Environmental Studies
Paritosh Pandya,"Adjunct Professor,  CSE, IIT Bombay, Former Professor and Dean, STCS, TIFR",23,50,3411,IIT Bombay,Formal Methods,Real-Time Systems
Partha Pratim Ray,Sikkim University,38,68,10361,Sikkim University,Cloud Computing,Internet of Things
Dr. Pushpak Bhattacharyya,"Professor of Computer Science and Engineering, IIT Bombay",63,409,17920,Indian Institute of Technology Bombay,Natural Language Processing,Machine Learning
Raghu Prakash,Indian Institute of Technology Madras,23,60,2272,Indian Institute of Technology Madras,Materials Science,Mechanical Engineering
Rahul R Nair,"Professor of Materials Physics, University of Manchester, UK",51,71,47525,University of Manchester,Graphene,Two-dimensional Materials
Ramanathan Subramanian,"Associate Professor, University of Canberra",32,61,4577,University of Canberra,Affective Computing,Human-Computer Interaction
Ramesh Loganathan,"Professor, International institute Information Technology Hyderabad (IIITH Hyderabad)",3,3,155,International Institute of Information Technology Hyderabad (IIITH Hyderabad),Innovation and Entrepreneurship,Technology for Social Impact
Ramesh K. Sitaraman,"Distinguished University Professor, University of Massachusetts, Amherst",49,89,11295,University of Massachusetts,Amherst,Computer Networks
Ravi Anant Kishore,National Renewable Energy Laboratory,29,43,2837,National Renewable Energy Laboratory,Renewable Energy Systems,Energy Storage Technologies
Richa Singh,"Professor, IIT Jodhpur",69,254,15416,Indian Institute of Technology Jodhpur,Image Processing,Biometrics
Rohitash Chandra,UNSW,32,80,4056,UNSW,Artificial Intelligence,Data Science
Saikat Chakrabarti,Indian Institute of Technology Kanpur,38,107,6904,Indian Institute of Technology Kanpur,Power Electronics,Renewable Energy Systems
Sanjay Chakraborty,"Postdoc Researcher at Linköping University, Sweden and Associate Professor (lien) TINT Kolkata",18,25,1632,Linköping University,Machine Learning,Data Mining
Shaik Jeelani,Tuskegee University,67,175,13816,Tuskegee University,Structural Engineering,Sustainable Materials
Dr. Santanu Chakraborty,"Full Professor, Radiology, Neuroradiologist, University of Ottawa",30,70,3183,University of Ottawa,Neuroradiology,Radiology
Shashi Kant Gupta,ITM University Gwalior,26,123,4767,ITM University Gwalior,Computer Science,Data Mining
Shibdas Banerjee (Monon),"Associate Professor, IISER Tirupati, INDIA",22,33,3316,IISER Tirupati,Biophysics,Molecular Dynamics
Shubhajit Roy Chowdhury,"Professor, School of Computing and Electrical Engineering, IIT Mandi",22,43,1936,IIT Mandi,Signal Processing,Machine Learning
Kannan Srinivasaraghavan,Principal Scientist,32,57,2962,Principal Scientist,Artificial Intelligence,Data Science
Sriram Ganapathi Subramanian,University of Waterloo,13,15,1111,University of Waterloo,Human-Computer Interaction,Interactive Systems
Suhas Joshi,"Professor, Dept of Mechanical Engineering, Indian Institute of Technology Bombay",49,140,8292,Indian Institute of Technology Bombay,Manufacturing Processes,Tribology
Sujatha Srinivasan,Fred Hutchinson Cancer Center,34,56,5268,Fred Hutchinson Cancer Center,Cancer Biology,Immunotherapy
Suresh Kumar,Chaudhary Devi Lal University,82,804,39547,Chaudhary Devi Lal University,Mathematics,Applied Mathematics
Tanmoy Das,Indian Institute of Science,36,84,5548,Indian Institute of Science,Condensed Matter Physics,Quantum Materials
Tapan Kr. Barman,"Professor, Mechanical Engineering Department, Jadavpur University, India",25,54,1848,Jadavpur University,Mechanical Engineering,Materials Science
Srinivasa Vittal Katikireddi,"MRC/CSO Social and Public Health Sciences Unit, University of Glasgow",89,252,108638,University of Glasgow,Health Inequalities,Social Determinants of Health
"Vinod Kumar Gupta, FWIF,FNASc, FRSC","Professor Abdulazeez University; Jedeha, Saudi Arabia;Thomson Highly Cited Researcher",202,907,141080,Professor Abdulazeez University,Environmental Chemistry,Analytical Chemistry
Vaishnavi Sundararajan,"Assistant Professor, IIT Delhi",5,3,73,Indian Institute of Technology Delhi,Human-Computer Interaction,Accessibility Technology
Viswanathan Ramasamy,Research Scientist at ICGEB,8,8,418,ICGEB,Structural Biology,Protein Engineering
John peter Arulanandam,The Rapinat Herbarium and Centre for Molecular systematics,4,2,50,St. Joseph's College (Autonomous),Plant Taxonomy,Molecular Systematics
Ramesh Narayan,"Thomas Dudley Cabot Professor of the Natural Sciences, Harvard University",149,473,86409,Harvard University,Astrophysics,Black Hole Physics
A Senthil Kumar,National University of Singapore,56,169,10060,National University of Singapore,Environmental Engineering,Water Resources Management
Rajiv Soundararajan,Indian Institute of Science,19,29,9663,Indian Institute of Science,Image and Video Processing,Signal Processing
"Scherer, Stephen W.","The Hospital for Sick Children, Genetics and Genome Biology Program, University of Toronto",165,635,136128,University of Toronto,Genetics,Genome Biology
Mas A. Subramanian (M. A. Subramanian),University Distinguished Professor & Milton Harris Chair of Materials Science,80,316,35566,Oregon State University,Materials Chemistry,Solid-State Chemistry
Sumanth Theeda,The University of Texas at Dallas,3,2,45,The University of Texas at Dallas,Data Science,Artificial Intelligence
Achyut Kumar Panda,"Associate Professor, Veer Surendra Sai University of Technology Burla",23,39,3957,Veer Surendra Sai University of Technology Burla,Environmental Biotechnology,Waste Management
Ananda Theertha Suresh,"Google Research, New York",40,72,24884,Google Research,Machine Learning,Algorithms
Mostafa A. El-Sayed,"Julius Brown Chair and Regents Professor,Department of Chemistry and Biochemistry, Georgia Tech.",146,669,162125,Georgia Institute of Technology,Nanotechnology,Spectroscopy
Rakesh John Amala Arokia Nathan,Johannes Kepler University,4,2,66,Johannes Kepler University,Molecular Biology,Biotechnology
av Ramani,Associate Professor of  Computer Science,4,1,43,University of California,Berkeley,Artificial Intelligence
Matam Vijay-Kumar (Vijay),"Professor, The University of Toledo College of Medicine and Life Sciences",65,129,19954,The University of Toledo College of Medicine and Life Sciences,Immunology,Gut Microbiota
"Vinod Kumar, Ph D","Ben Gurion University of the Negev, Israel",34,132,6505,Ben Gurion University of the Negev,Environmental Engineering,Water Resources Management
Bommireddy Arya Vishnu Vardhan Reddy,Mohan Babu University,12,12,14176,Mohan Babu University,Artificial Intelligence,Data Science
Professor Vivek A. Sharma,"University of California, San DIego",259,1756,354193,University of California,San Diego,Biomedical Imaging
Ajar Nath Yadav,"Deputy Director-IQAC, HoD, Associate Prof., Eternal University (World's Top 2% Scientists 2022-2024)",96,345,26814,Eternal University,Environmental Microbiology,Agricultural Biotechnology
Aarthi (Mahalingam) Narain,Dexcom; VoxelCloud,40,76,11699,Dexcom,Continuous Glucose Monitoring,Health Data Analytics
Dr. Aarti S Bhatt,"NMAMIT, Nitte",20,27,1392,NMAMIT,Nitte,Artificial Intelligence
Aarti Gupta,"PhD Scholar, University of Nova Gorica",1,0,5,University of Nova Gorica,Computer Science,Artificial Intelligence
Susheel Sriram Ananthan,Graduate,0,0,0,Indian Institute of Science Education and Research (IISER) Pune,Theoretical Physics,Quantum Field Theory
Aarti Ivanic,University of San Diego,6,6,206,University of San Diego,Environmental Economics,Sustainable Development
Dr. Sandip T. Gadge,Aarti Industries Research and Technology Centre-Mahape,13,13,781,Aarti Industries Research and Technology Centre-Mahape,Organic Chemistry,Process Development
Dr. Wadilal R. Rathod,Dy. Manager-Project-Process l Aarti Pharmalabs Ltd. Tarapur,4,3,100,Aarti Pharmalabs Ltd.,Pharmaceutical Chemistry,Process Optimization
Ankur Agarwal,Florida Atlantic University,43,196,9991,Florida Atlantic University,Quantum Computing,Nanotechnology
Thakur Aseem Kumar,"Principal, K.N.S.G.P. Samastipur",19,65,4503,K.N.S.G.P. Samastipur,Education,Rural Development
Dr. Chittaranjan Pradhan,"Associate Professor, School of Computer Engineering, Kalinga Institute of Industrial Technology",21,44,1908,Kalinga Institute of Industrial Technology,Machine Learning,Data Mining
Dilip Kumar Singh,"Dept of Physics, Birla Institute of Technology Mesra Ranchi",18,27,1463,Birla Institute of Technology Mesra,Condensed Matter Physics,Material Science
Dr. Kumar Harshvardhan,CSRI-NEIST,7,6,969,CSIR-NEIST,Materials Science,Catalysis
Indranil Sen,Engineer,22,32,1868,Indian Institute of Technology Kharagpur,Structural Engineering,Earthquake Engineering
Kannan Subramanian,"Associate.Professor of Computer Applications, Bharath University",42,149,11389,Bharath University,Computer Applications,Data Science
MANISH KUMAR,B.Tech student,121,1258,76179,Indian Institute of Technology (IIT),Renewable Energy Systems,Power Electronics
Dr. Narendra Kumar,Assistant Professor,61,435,19444,Indian Institute of Technology Delhi,Renewable Energy Systems,Energy Storage Technologies
"Nikhil Gupta, FASM","New York University, Tandon School of Engineering",70,190,14548,New York University,Composite Materials,Additive Manufacturing
Prashant K. Bhattacharya,Former Professor: I.I.T.-Kanpur & Former Director: RG Inst. of Petroleum Technology,40,73,3571,Indian Institute of Technology Kanpur,Petroleum Technology,Chemical Engineering
DR. PRABHAT KUMAR,Scientist,62,495,23011,Scientist,Renewable Energy,Environmental Sustainability
Pradipta Banerjee,University of Pittsburgh,15,21,1141,University of Pittsburgh,Computer Architecture,Embedded Systems
Pritam Singh,"Professor of Economics, Oxford Brookes University, Oxford, UK",12,17,652,Oxford Brookes University,Development Economics,Political Economy
Rajiv Agarwal,Indiana Univeristy,111,351,46294,Indiana University,Kidney Disease,Hypertension
Rajiv Tiwari,"Department of Mechanical Engineering, Indian Institute of Technology Guwahati",42,112,5855,Indian Institute of Technology Guwahati,Rotor Dynamics,Condition Monitoring
Rajeev Nayan,Ph.D student at govind ballabh pant university of agriculture and technology,4,3,594,Govind Ballabh Pant University of Agriculture and Technology,Agricultural Sciences,Environmental Sustainability
RAVI PRAKASH JHA,"Biostatistician, Dept. of Community Medicine, Dr. BSA Medical College, Delhi",78,99,110451,Dr. BSA Medical College,Biostatistics,Public Health
Ritesh Kumar Singh,Researcher at AKSW/KILT Research Group,30,121,5651,University of Leipzig,Knowledge Graphs,Semantic Web Technologies
Roshan Lal,Indian Institute of Technology Roorkee,26,53,1656,Indian Institute of Technology Roorkee,Structural Engineering,Earthquake Engineering
Sachin Maheshwari,netaji subhas institute of technology,36,75,5270,Netaji Subhas Institute of Technology,Artificial Intelligence,Data Science
Sandeep Kumar,Ministry of Labour and Employment,128,1309,84496,Ministry of Labour and Employment,Labour Economics,Employment Policy
Sangeeta Sharma,"Freie university and Max Born Institute, Berlin",43,118,9167,Freie Universität Berlin,Condensed Matter Physics,Ultrafast Spectroscopy
Professor Sanjay Sharma (Cardiology),Cardiology clinical and academic group. St George's University of London and St George's University,99,300,57254,St George's University of London,Cardiology,Cardiovascular Imaging
"Satish Chandra Pandey, Ph.D.","Center for Microbial Pathogenesis, Nationwide Children's Hospital, Columbus, Ohio, USA",19,25,1381,Nationwide Children's Hospital,Microbial Pathogenesis,Host-Pathogen Interactions
Saurabh Kumar,student of B.TECH,91,832,43388,Indian Institute of Technology (IIT),Power Electronics,Renewable Energy Systems
Dr Saurabh Pandey,"Senior Pharmacokineticist, Syneos Health",19,26,2936,Syneos Health,Pharmacokinetics,Drug Development
Shantanu Singh,Broad Institute of MIT and Harvard,36,64,8740,Broad Institute of MIT and Harvard,Computational Biology,Cancer Genomics
Shivam singh,"Automobile Engineering, Lovely Professional university",27,120,4259,Lovely Professional University,Automobile Engineering,Vehicle Dynamics
Subir Sarkar,"Professor of Physics, University of Oxford",144,427,180928,University of Oxford,Particle Physics,Cosmology
Sujay Chattopadhyay,"Professor, JIS Institute of Advanced Studies & Research Kolkata",30,44,3596,JIS Institute of Advanced Studies & Research,Environmental Science,Sustainable Development
Umesh kumar,"NIT,JAMSHEDPUR",37,105,5517,National Institute of Technology Jamshedpur,Renewable Energy Systems,Power Electronics
Vikash Kumar Pandey,Engineering,78,566,34592,Indian Institute of Technology (BHU) Varanasi,Renewable Energy Systems,Power Electronics
Vikas Kumar,Professor,108,1147,65650,Indian Institute of Technology (IIT) Roorkee,Water Resources Engineering,Hydrological Modeling
Vipin Tyagi,"Jaypee University of Engineering and Technology, Guna",28,56,2612,Jaypee University of Engineering and Technology,Wireless Sensor Networks,Internet of Things
Vishal SINGH,"engineer, sharda university",59,254,15038,Sharda University,Engineering,Technology Innovation
Vivek Gupta,SDE2 at Amazon,51,95,7990,Amazon,Software Engineering,Distributed Systems
VIVEK KUMAR,STUDENT OF ENGINEERING,101,1051,77886,STUDENT OF ENGINEERING,Artificial Intelligence,Renewable Energy
YOGESH KUMAR,H.O.D. & Associate Professor at NandLal Prabhu Devi Barabanki Professional Institute,48,228,11754,NandLal Prabhu Devi Barabanki Professional Institute,Engineering Education,Sustainable Development
Wang Aijun,"Chancellor's Fellow Professor of Surgery and Biomedical Engineering, University of California Davis",52,135,9717,University of California Davis,Surgery,Biomedical Engineering
Ajay Agarwal,"Professor of Electrical Engineering, IIT Jodhpur",36,82,6447,IIT Jodhpur,Signal Processing,Wireless Communication
Ajit Singh,Professor Emeritus of economics at Cambridge University,63,388,23516,University of Cambridge,Development Economics,Industrial Organization
Amlan Chakrabarti,"Professor and Director, A.K.Choudhury School of Information Technology, University of",30,107,4535,University of Calcutta,Quantum Computing,Artificial Intelligence
Arun Kumar,Space Science,121,814,57906,Indian Space Research Organisation (ISRO),Space Science,Planetary Exploration
Ashok Kumar Gupta,"Professor (HAG) , Dept. of Civil Engg., Ex. Head, School of Water Resources, IIT Kharagpur",61,144,14861,Indian Institute of Technology Kharagpur,Water Resources Management,Environmental Engineering
Shankar Balasubramanian,University of Cambridge,111,286,59203,University of Cambridge,DNA Sequencing,Chemical Biology
Dileep K. Panda,Researcher,18,27,1657,Researcher,Climate Change,Water Resources Management
Deepak Srivastava,"Ph.d Scholar Department Of Law Nehru Gram Bharti University, Prayag raj",115,275,57601,Nehru Gram Bharti University,Constitutional Law,Human Rights Law
Madhu Menon,"Conn Center, University of Louisville and Adjunct Professor of Physics, University of Kentucky",57,145,13486,University of Louisville,Nanomaterials,Computational Materials Science
Maitrayee Bose,"Assistant Professor, Arizona State University",17,22,1049,Arizona State University,Astrobiology,Planetary Science
Manaswini Dash,"Ph.D. Scholar, Siksha O Anusandhan Deemed to be University",5,4,69,Siksha O Anusandhan Deemed to be University,Education,Social Sciences
Nandini Mukherjee,"Professor of Department of Computer Science and Engineering, Jadavpur University",21,65,2055,Jadavpur University,Data Mining,Machine Learning
Neelam Sharma,MAIT,38,134,7292,Maharaja Agrasen Institute of Technology (MAIT),Artificial Intelligence,Data Mining
Pradeep Kumar,Phd,116,1220,80829,Indian Institute of Technology (IIT) Delhi,Materials Science,Nanotechnology
Dr. Rajesh Kumar Nair,Asst.Professor -Sies College of Management Studies,99,1209,57665,SIES College of Management Studies,Marketing Management,Consumer Behavior
Ramesh Babu P,Trinity College Dublin,34,57,5449,Trinity College Dublin,Computer Science,Data Analytics
ramesh kumar,Adhiyamaan College of Engineering Hosur,76,598,28135,Anna University,Renewable Energy Systems,Power Electronics
Velamati Ratna Kishore,Amrita Vishwa Vidyapeetham,30,47,3544,Amrita Vishwa Vidyapeetham,Renewable Energy Systems,Power Electronics
Ravikumar Balasubramanian,"Assistant Professor of Medicine, Harvard University",25,36,2381,Harvard University,Gastroenterology,Hepatology
Ripudaman Malhotra,"SRI International, retired",38,73,9494,SRI International,Combustion Chemistry,Reaction Kinetics
Dr. Palaniappan Sakthivel,"SAI Life Sciences Ltd., Pune, India.",7,6,195,SAI Life Sciences Ltd.,Medicinal Chemistry,Drug Discovery
Sangram Singh,"Dr.RML Avadh University Faizabad,224001",34,156,6622,Dr. RML Avadh University,Environmental Science,Climate Change
Dr. T.Satyanarayana Murthy,"Associate Professor, Chaitanya Bharathi Institute of Technology",12,18,410,Chaitanya Bharathi Institute of Technology,Signal Processing,Wireless Communication
Senthilkumar Balakrishnan,Tamil Nadu State Council for Science  and Technology,37,69,26735,Tamil Nadu State Council for Science and Technology,Environmental Science,Renewable Energy
Sharada Srinivasan,National Institute of Advanced Studies,17,30,975,National Institute of Advanced Studies,Archaeometallurgy,Heritage Science
SHEILA SHANKAR,University of Pennsylvania,2,1,114,University of Pennsylvania,South Asian Literature,Postcolonial Studies
Sivakumar Balasubramanian,"Department of Bioengineeing, Christian Medical College, Bagayam, Vellore 632002, Tamil Nadu, India",20,29,3061,Christian Medical College,Vellore,Biomechanics
Dr. Shubhra Agarwal,"Professor,Dept. of Obs. & Gyn.;TMMC & RC",9,8,328,TMMC & RC,Obstetrics,Gynecology
Sidhartha Sinha,Assistant Professor of Medicine,18,21,1540,Harvard University,Gastroenterology,Inflammatory Bowel Disease
Dr. ARUMUGAM SRINIVASAN,"STO(2) & Assistant Professor AcSIR, CSIR-Central Leather Research Institute, Chennai",6,5,201,CSIR-Central Leather Research Institute,Leather Science and Technology,Sustainable Biomaterials
Sudha Rani,Pondicherry University,21,24,2554,Pondicherry University,Bioinformatics,Computational Biology
sunitha nagrath,"Professor of Chemical Engineering, University of Michigan",43,69,16203,University of Michigan,Microfluidics,Cancer Diagnostics
surekha katiyar-agarwal,University of Delhi South Campus,26,31,6691,University of Delhi South Campus,Plant Molecular Biology,Abiotic Stress Responses
"Prof. Suresh Sankaranarayanan, SMIEEE",King Faisal University,24,62,2420,King Faisal University,Signal Processing,Wireless Communications
Swarup Kumar Parida,"Scientist, National Institute of Plant Genome Research (NIPGR), New Delhi-67",47,107,6850,National Institute of Plant Genome Research (NIPGR),Plant Genomics,Stress Physiology
Swathi Srinivasan,"Alagappa University, Karaikudi",14,20,596,Alagappa University,Environmental Science,Nanotechnology
Tapan Kumar Saha,University of Queensland,74,459,25947,University of Queensland,Power Systems,Condition Monitoring of Electrical Equipment
Ramya Thangarajan (Sashi),University of South Australia,12,14,4037,University of South Australia,Structural Engineering,Composite Materials
Tripti Singh,University of Wisconsin,22,36,2111,University of Wisconsin,Advanced Materials,Nanotechnology
Suriya Uma Devi S,"Assistant Professor (Sl.G.) / Mathematics, KPR Institute of Engineering and Technology",21,26,2634,KPR Institute of Engineering and Technology,Mathematics,Engineering Applications
Varun Kulkarni,Harvard University,11,11,537,Harvard University,Artificial Intelligence,Data Science
Veena Sharma,Professor,36,141,6348,Panjab University,Environmental Chemistry,Analytical Chemistry
Professor Ravipudi Venkata Rao,S. V. NATIONAL INSTITUTE OF TECHNOLOGY (An Institute of National Importance of Govt. of India),74,174,28290,S. V. National Institute of Technology,Optimization Techniques,Engineering Design
Vipin Kumar,University of Minnesota,139,766,132190,University of Minnesota,Data Mining,Machine Learning
Ashish Vora,Tesla,7,7,403,Tesla,Autonomous Vehicles,Artificial Intelligence
Anirban Chakraborti,"Professor, School of Computational and Integrative Sciences, Jawaharlal Nehru University",35,73,6959,Jawaharlal Nehru University,Complex Systems,Econophysics
Arindam Pal,Director of Data Science and Optimization,21,38,1270,Tata Consultancy Services,Data Science,Optimization
Arunava Mukherjee,Saha Institute of Nuclear Physics,100,195,101651,Saha Institute of Nuclear Physics,Nuclear Physics,Particle Physics
Debashis Bhattacharyya,WEST BENGAL UNIVERSITY OF ANIMAL & FISHERY SCIENCES,9,9,420,WEST BENGAL UNIVERSITY OF ANIMAL & FISHERY SCIENCES,Animal Genetics,Livestock Production
"Indrajit Saha, PhD","Assistant Professor,  Department of Computer Science and Engineering",22,44,1979,National Institute of Technology Durgapur,Bioinformatics,Machine Learning
Jayanta K. Ghosh,"Professor of Statistics, Purdue University",44,95,9690,Purdue University,Statistical Inference,Bayesian Statistics
jyotirmoy bhattacharya,"Assistant Professor, IIT Kharagpur, India.",17,20,2594,Indian Institute of Technology Kharagpur,Condensed Matter Physics,Quantum Field Theory
KAUSHIK SENGUPTA,SAHA INSTITUTE OF NUCLEAR PHYSICS,13,18,1861,SAHA INSTITUTE OF NUCLEAR PHYSICS,Nuclear Physics,Particle Physics
Malay K Kundu,Indian Statistical Institute,37,109,6404,Indian Statistical Institute,Pattern Recognition,Computer Vision
Partha Pratim Das,"Principal Investigator/ Lab head, BDI Monash University",26,44,7172,Monash University,Data Analytics,Bioinformatics
Pinaki Mazumder,"Professor of Computer Sciennce and Engineering, University of Michigan",44,146,13320,University of Michigan,VLSI Design,Neuromorphic Computing
Ranjan Bhattacharyya,"Principal Scientist, IARI, New Delhi 110 012",55,138,9816,Indian Agricultural Research Institute (IARI),Agricultural Biotechnology,Crop Improvement
Santanu Bhattacharya,Professor,81,286,20749,Indian Institute of Science,Organic Chemistry,Supramolecular Chemistry
Sreetama Chatterjee,Santosh Dental College and hospital,1,0,1,Santosh Dental College and Hospital,Oral Pathology,Dental Public Health
Soumyajit Mukherjee (Professor),"IIT Bombay; Series Editor: ""Developments in Structural Geology & Tectonics"" (Elsevier",40,106,5050,Indian Institute of Technology Bombay,Structural Geology,Tectonics
Sukumar Ghosh,"Professor Emeritus, Department of Computer Science, University of Iowa",25,40,3745,University of Iowa,Distributed Systems,Fault-Tolerant Computing
Swapan K. Ghosh,"UM-DAE-Centre for Excellence in Basic Science, University of Mumbai, India",54,409,18667,University of Mumbai,Theoretical Chemistry,Computational Materials Science
Tarun Kumar Bhattacharya,"Emeritus Scientist, Ex-Professor & Head, Dept. of Farm Machinery & Power Engineering, G B Pant",17,20,1245,G B Pant University of Agriculture and Technology,Farm Machinery,Power Engineering
Tuhin Das,Memorial Sloan Kettering Cancer Center,14,19,1509,Memorial Sloan Kettering Cancer Center,Cancer Biology,Immunotherapy
Utpal Kumar De,"Professor of Economics, North-Eastern Hill University, Shillong",16,30,1137,North-Eastern Hill University,Development Economics,Environmental Economics
Vishal Kumar,Assistant professor,73,427,22414,Indian Institute of Technology (IIT) Delhi,Renewable Energy Systems,Power Electronics
Calin Valsan,Bishop's University and University of Bucharest,10,10,420,Bishop's University,Economics,Behavioral Economics
NATARAJAN CHANDRASEKARAN,Formerly Director & Sr. Prof Centre for Nanobiotechnology Vellore Institute of Technology/VIT,74,303,21774,Vellore Institute of Technology,Nanobiotechnology,Nanomedicine
Abhinav Bhatele,"Associate Professor of Computer Science, University of Maryland, College Park",41,98,4990,University of Maryland,College Park,High Performance Computing
Amit Verma,"Professor, Oncology, Albert Einstein College of Medicine, Montefiore Medical Center",104,730,46289,Albert Einstein College of Medicine,Oncology,Hematologic Malignancies
anand kumar,University of Manitoba,77,180,48991,University of Manitoba,Neuroscience,Psychiatry
Dr. Ashish Gupta,"I.T.S Engineering College, Greater Noida",60,372,20166,I.T.S Engineering College,Greater Noida,Data Analytics
Ashok kumar,Sindh agriculture university tandojam,149,1551,119322,Sindh Agriculture University Tandojam,Agricultural Sciences,Crop Improvement
Dr. Atul yadav,Research Scholare,13,18,1493,Research Scholare,Data Science,Artificial Intelligence
Bhaveshkumar Bharatiya,Deutsches Elektronen Synchrotron (DESY),20,27,899,Deutsches Elektronen Synchrotron (DESY),Particle Physics,Accelerator Physics
Bhupendra Gupta,"Associate Professor, Mechanical Engineering, Jabalpur Engineering College, Jabalpur, India",18,30,1886,Jabalpur Engineering College,Mechanical Engineering,Thermal Engineering
Biswajit Das,"Research Associate, Case Western Reserve University",27,66,3158,Case Western Reserve University,Biomedical Engineering,Medical Imaging
Chandra Sekhar Pedamallu,"Current : Excelra; Previous : Sanofi, DFCI; HMS; Broad Inst.; NEB Inc.",53,78,58708,Excelra,Bioinformatics,Cancer Genomics
chhavi agarwal,Bhabha Atomic Research Centre,16,29,753,Bhabha Atomic Research Centre,Nuclear Physics,Radiation Chemistry
Deepti Gupta,"Professor of Textile, IIT Delhi",34,79,4794,Indian Institute of Technology Delhi,Textile Engineering,Sustainable Textiles
Rajiv V Dubey,Professor of Mechanical Engineering,32,79,5129,University of South Carolina,Robotics,Rehabilitation Engineering
Himanshu Sharma,"Postdoctoral Fellow, INFN Padova, Italy",57,125,9291,INFN Padova,Particle Physics,Nuclear Physics
Indrajit Bhattacharya,Independent Colsultant,21,35,3190,Independent Consultant,Data Science,Artificial Intelligence
Jayant Kumar,University of Massachusetts Lowell,70,339,25977,University of Massachusetts Lowell,Organic Electronics,Optoelectronics
Kabeer Jasuja,Dr. Dinesh O. Shah Chair Associate Professor IIT Gandhinagar,19,26,1578,Indian Institute of Technology Gandhinagar,Materials Science,Nanotechnology
Karan Tripathi,"Institute of Criminology, University of Cambridge",0,0,0,University of Cambridge,Criminology,Criminal Justice
Khushboo Gautam,"Research Scholar,Forensic Science",1,0,2,Research Scholar,Forensic Science,Criminal Investigation
Linu Mathew,School of Biosciences Mahatma Gandhi university,14,19,822,Mahatma Gandhi University,Plant Biotechnology,Molecular Biology
Manu Agarwal,"Professor, Department of Botany, Univ. of Delhi",36,48,10731,University of Delhi,Plant Physiology,Stress Biology
Mohit Agarwal,Bennett Unversity,18,26,1934,Bennett University,Data Science,Artificial Intelligence
monika thakur,"Assistant professor, RNTU",29,71,2814,Rabindranath Tagore University,Environmental Science,Sustainable Development
Mukesh Kumar,Graphic Era deemed to be University,68,493,26231,Graphic Era deemed to be University,Machine Learning,Data Mining
Narasimhan Rajaram,"Associate Professor of Biomedical Engineering, University of Arkansas",28,46,2340,University of Arkansas,Biomedical Engineering,Tissue Engineering
Niraj Tripathi,"Jawaharlal Nehru Krishi Vishwa Vidyalaya, Jabalpur, India",32,102,3688,Jawaharlal Nehru Krishi Vishwa Vidyalaya,Agricultural Sciences,Crop Improvement
Neha Nigam,University of Chicago,10,11,378,University of Chicago,Public Health,Health Equity
Nitin Pandey,"amity university noida,btech biotechnology",22,48,1621,Amity University Noida,Biotechnology,Genetic Engineering
"Pawan Sharma, Ph.D.","Lewis Katz School of Medicine, Temple University",33,62,13084,Lewis Katz School of Medicine,Temple University,Pulmonary Medicine
Puneet Gupta,Director at Volvic Technologies,44,167,8626,Volvic Technologies,Artificial Intelligence,Data Science
Rajesh Kumar,Assistant Professor,128,1195,141660,Indian Institute of Technology Delhi,Artificial Intelligence,Data Mining
rishi kumar,cbse,32,94,3416,Central Board of Secondary Education (CBSE),Educational Technology,Curriculum Development
Rohit Kumar 2.0,https://www.youtube.com/@SRM_music925,65,530,22269,SRM Institute of Science and Technology,Music Technology,Digital Audio Processing
Sandhya Patel,"Assistant Professor of Physics, Dr. H.S. Gour Central University",4,2,104,Dr. H.S. Gour Central University,Condensed Matter Physics,Material Science
Dr.Sanjeev Sharma,"HoD ECE, New Horizon College of Engineering",46,302,13148,New Horizon College of Engineering,Signal Processing,Wireless Communication
satish kumar,Ph.D Research Scholar,135,1007,81334,Ph.D Research Scholar,Artificial Intelligence,Data Science
Saurabh Gupta,University of Illinois Urbana-Champaign,39,51,15880,University of Illinois Urbana-Champaign,Robotics,Computer Vision
Shailesh kumar Mahato,"Student of electrical branch,GEC BHARUCH",69,394,20233,GEC Bharuch,Electrical Engineering,Power Systems
Dr. Shikha Mehta,Assistant Professor Kashi Naresh  Govt. P.G. college gyanpur bhadohi,15,15,1541,Kashi Naresh Govt. P.G. College Gyanpur Bhadohi,Data Analysis,Artificial Intelligence
Shradha Gupta,"Faculty,  ICFAI Business School, Pune",5,4,525,ICFAI Business School,Pune,Marketing Management
shruti singh,"Research Scholar, Babasaheb Bhimrao Ambedkar University, Lucknow",37,174,7936,Babasaheb Bhimrao Ambedkar University,Sociology,Gender Studies
Sonal Gulati,"Assistant Professor, NDIM",2,1,23,NDIM,Marketing,Consumer Behavior
Saumya Singh,student,25,79,4745,University of Delhi,Environmental Science,Sustainable Development
Archana Venkatachalam,"Dhanalakshmi Srinivasan University,Trichy",7,6,278,Dhanalakshmi Srinivasan University,Biotechnology,Environmental Science
Sudhir Kumar,"Director, iGEM, Carnell Professor of Biology, Temple University",86,192,310009,Temple University,Evolutionary Biology,Molecular Genetics
Sunil Kumar,Health Fist,134,1417,90103,Health Fist,Public Health,Epidemiology
Danish Sayed,"Associate Professor, CVRI, Rutgers-New Jersey Medical School at Newark",17,21,5065,Rutgers University,Cardiovascular Research,Molecular Biology
Tejaswini Mishra,"Research Scientist, Department of Genetics, Stanford University School of Medicine",22,27,8184,Stanford University,Genetics,Human Disease Mechanisms
Vijay Kumar Kuchroo,vkuchroo@evergrande.hms.harvard.edu,171,446,138292,Harvard University,Immunology,Autoimmune Diseases
Vineet Pande,Johnson & Johnson,20,31,1348,Johnson & Johnson,Drug Development,Clinical Trials
Vinita Sharma,"Assistant Professor, MIET",28,90,3679,MIET,Computer Networks,Cybersecurity
Vivek Tiwari,"Intel Corp, Princeton University",24,28,9128,Intel Corp,Computer Architecture,Hardware Security
Yogesh Sharma,"Associate Professor, People's Dental Academy",74,510,26214,People's Dental Academy,Oral Pathology,Dental Public Health
Anand Prabhu Subramanian,Infilect Technologies Private Limited,22,33,4383,Infilect Technologies Private Limited,Artificial Intelligence,Data Analytics
Pallab Ghosh,Professor, Department of Chemical Engineering, IIT Guwahati,33,75,3626,Indian Institute of Technology Guwahati,Quantum Computing,Nanotechnology
Prasad Menon,Assistant Professor, Department of Physics, University of Mumbai,1,0,3,University of Mumbai,Quantum Computing,Nanotechnology
Dr. Atul Srivastava,Professor, Department of Mechanical Engineering, IIT Kanpur,40,227,10286,Indian Institute of Technology Kanpur,Heat Transfer,Fluid Dynamics
Kshitij Gupta,Associate Professor, Department of Computer Science, IIIT Hyderabad,16,18,1680,International Institute of Information Technology Hyderabad,Data Science,Artificial Intelligence
Partha Chakraborty,Professor, Department of Computer Science, Jadavpur University,42,212,7698,Jadavpur University,Artificial Intelligence,Data Science
Balesh Kumar,Research Scholar, Department of Physics, University of Delhi,3,1,46,University of Delhi,Condensed Matter Physics,Nanomaterials
Dr Kavita Pandey,Assistant Professor, GN Khalsa College, University of Mumbai,6,4,1545,GN Khalsa College, University of Mumbai,Environmental Science,Microbiology
Jayant Prakash,Lecturer, Department of Chemistry, Banaras Hindu University,5,4,112,Banaras Hindu University,Organic Chemistry,Material Science
Krishna Vasudeva Rao G,Assistant Professor, Department of Electrical Engineering, NIT Warangal,1,0,7,National Institute of Technology Warangal,Power Systems,Renewable Energy
Manoj K Sharma,Professor, Department of Physics, Panjab University,69,421,24173,Panjab University,Nuclear Physics,Theoretical Physics
M.r Naveed khan,Professor, Department of Microbiology, Aligarh Muslim University,69,449,23192,Aligarh Muslim University,Microbial Pathogenesis,Infectious Diseases
Rama Govindarajan,Professor, International Centre for Theoretical Sciences, TIFR,28,73,3179,Tata Institute of Fundamental Research,Fluid Dynamics,Turbulence
Sudipta Roy,Professor, Department of Chemical Engineering, IIT Kharagpur,58,291,14925,Indian Institute of Technology Kharagpur,Electrochemical Engineering,Nanotechnology
Aarti Singh,Associate Professor, Machine Learning Department, Carnegie Mellon University,59,252,14194,Carnegie Mellon University,Machine Learning,Data Mining
Nidhi Pandey,Assistant Professor, Department of Biotechnology, IIT Roorkee,31,67,3565,Indian Institute of Technology Roorkee,Plant Biotechnology,Genomics
Joshua Paul,Senior Lecturer, School of Computing, National University of Singapore,29,36,4626,National University of Singapore,Artificial Intelligence,Data Science
Sourav Pal,Director, Indian Institute of Science Education and Research, Pune,67,528,24821,Indian Institute of Science Education and Research, Pune,Theoretical Chemistry,Computational Chemistry
Devender singh,Professor, Department of Zoology, University of Rajasthan,61,483,21595,University of Rajasthan,Entomology,Ecology
Shailendra Kumar Singh - Ph.d(Law),Executive Alumnus - IIM Lucknow & IIM Kashipur,60,314,16454,Independent Researcher,Corporate Law,Intellectual Property
Surendra Kumar,Professor, Department of Chemistry, University of Allahabad,75,411,21235,University of Allahabad,Organic Synthesis,Medicinal Chemistry